element,n,area_abs_err_median,area_abs_err_p90,area_rel_err_median,area_rel_err_p90
Sb,3,0.0012793466,0.0029051504,0.046456557,2.6585722
Te,2,0.0011420436,0.001415602,0.03430904,0.04269434
Ge,5,0.00076142605,0.0017442518,0.12538488,0.28330073
Se,17,0.00074901246,0.0009294051,0.024099974,0.029544696
Si,251,0.0006060414,0.0015410427,0.050326645,0.12240153
P,180,0.0005195566,0.0011034826,0.11094408,0.27002996
As,12,0.00042919163,0.00088203535,0.024674024,0.05415509
S,798,0.00036996044,0.0010053626,0.019979011,0.0671807
I,116,0.00032508,0.0012022574,0.0064212936,0.024213783
B,61,0.00030960515,0.0010558851,0.034008775,0.14300591
Br,486,0.0002677776,0.00087308325,0.006569228,0.022279032
N,6169,0.00021596439,0.0006930096,0.028266866,0.14941598
Cl,1952,0.00021129474,0.000733459,0.0062441356,0.022233319
F,1810,0.00018972857,0.00063068134,0.010281376,0.03509428
Bi,1,0.00015582144,0.00015582144,0.006430479,0.006430479
O,13844,0.00015395042,0.00053702656,0.010473907,0.047631044
C,81635,0.000106763095,0.0003765112,0.011443512,0.060569264
H,114406,3.7270598e-05,0.00021637301,0.0060192035,0.039420165
