element,n,wmae,polar_mae
I,116,0.396202,0.029755024859633553
Se,17,0.3387415,0.0430353046668803
Te,2,0.33768523,0.09194440022110939
Bi,1,0.3254169,0.03271041437983513
Br,486,0.31167778,0.01822032632376792
Cl,1952,0.2923236,0.019239391268297882
S,798,0.24171814,0.04006097972105955
F,1810,0.23610593,0.0189017964917664
As,12,0.2296809,0.053619531293710075
Si,251,0.20463641,0.027331414873316022
Sb,3,0.19908357,0.05481042464574178
B,61,0.18703927,0.016531961662762763
O,13844,0.14599712,0.04646594753053107
C,81635,0.1456054,0.010412016844827924
Ge,5,0.1445344,0.034810571419075134
P,180,0.11855534,0.025846877756218117
N,6169,0.11092725,0.04498874046621305
H,114406,0.07327986,0.010841690242334586
