group,n_molecules,n_atoms,wmae_in,wmae_out,delta
halogen,1929,41003,0.12489426,0.10698967,0.017904595
aromatic,3848,109780,0.11614384,0.104571104,0.0115727335
ring,4748,137564,0.11356484,0.10496597,0.0085988715
nitrogen,3582,99404,0.114933364,0.106536105,0.008397259
sulfur,700,18473,0.11782223,0.10961684,0.0082053915
charged,941,24308,0.11754409,0.10940857,0.00813552
triple_bond,510,14202,0.11254553,0.11014675,0.002398774
oxygen,5932,173071,0.11029395,0.110323235,-2.9288232e-05
carbonyl,3297,99170,0.10933494,0.111081444,-0.0017465055
