mol_id,smiles,n_atoms,wmae,polar_mae,area_abs_err
42397,FC(F)=S,4,0.96394163,0.02649918061797507,0.0011590633
49469,O=S(=O)([O-])c1cccc(S(=O)(=O)[O-])c1,18,0.52732533,0.2753316410299804,0.0005813862
49107,O=NC(F)=C(F)F,7,0.51798433,0.0637075805238315,0.00040538848
42336,FC(F)=C(F)B(Cl)C(F)=C(F)F,12,0.45232078,0.02301387337502092,0.000801225
40567,ClC(Cl)(I)I,5,0.43549737,0.017862914875149728,0.00023630001
42337,FC(F)=C(F)B(Cl)Cl,8,0.40247446,0.021506249730009586,0.0007729909
49695,O=[N+]([O-])C(F)(F)F,7,0.38350558,0.04092927396829639,0.00044743103
40556,ClC(Cl)(Cl)I,5,0.35947108,0.034042058140039445,0.00027344836
40523,ClC(Br)(I)I,5,0.34918898,0.020376174338161947,0.00030759355
36779,C[N+]1C=Cc2cc3c(cc2C1=O)OCO3,24,0.34628454,0.12303319433704019,0.0002797695
14123,CCB(OB(CC)OC(C)=O)OC(C)=O,31,0.34392095,0.031848650969708056,0.00037160836
42335,FC(F)=C(F)B(C(F)=C(F)F)C(F)=C(F)F,16,0.34157,0.01925028074765578,0.00054436957
41653,FB(F)C(F)=C(F)F,8,0.33982277,0.024599727170425467,0.0004829443
20,BrC(Br)(Br)I,5,0.3342113,0.031003150343894958,0.00071083504
49684,O=[N+]([O-])C(F)(F)C(F)(F)/[N+]([O-])=N\F,13,0.33254364,0.044521621643350676,0.00052174844
42333,FC(F)=C(Cl)I,6,0.3281503,0.03258731480066975,0.00037107695
41786,FC(Cl)(I)I,5,0.3217041,0.0470563068985939,0.00030806023
43405,N#CC([N+](=O)[O-])([N+](=O)[O-])[N+](=O)[O-],12,0.30908927,0.05922595535715421,0.0005798714
19,BrC(Br)(Br)Br,5,0.30727285,0.03573352210223675,0.00022794916
41618,F/C(Br)=C(/F)Br,6,0.3030361,0.012153620676447948,0.00029418385
